Paul McCarthy <pauldmccarthy@gmail.com>
Michiel Cottaar <michiel.cottaar@ndcn.ox.ac.uk>
Matthew Webster <matthew.webster@ndcn.ox.ac.uk>
Sean Fitzgibbon <sean.fitzgibbon@ndcn.ox.ac.uk>
Martin Craig <martin.craig@eng.ox.ac.uk>
Taylor Hanayik <taylor.hanayik@ndcn.ox.ac.uk>